No.;Time;;Source;Destination;Protocol;Length;Info;;;;Delay;;Delay 1;Delay 2;Jitter
11;0,545443;5,45443E-07;192.168.1.9;172.67.75.39;TLSv1.2;481;Application Data;;;;1E-12;;1,05879E-22;1E-12;1E-12
12;0,545444;5,45444E-07;172.67.75.39;192.168.1.9;TCP;56;443  >  49776 [ACK] Seq=1 Ack=428 Win=69 Len=0;;;;1E-12;;-1,05879E-22;1E-12;1E-12
13;0,545445;5,45445E-07;172.67.75.39;192.168.1.9;TLSv1.2;1452;Application Data;;;;1E-12;;0;1E-12;1E-12
14;0,545446;5,45446E-07;172.67.75.39;192.168.1.9;TLSv1.2;685;Application Data;;;;1E-12;;0;1E-12;1E-12
15;0,545447;5,45447E-07;172.67.75.39;192.168.1.9;TLSv1.2;88;Application Data;;;;1E-12;;1,05879E-22;1E-12;1E-12
16;0,545448;5,45448E-07;192.168.1.9;172.67.75.39;TCP;54;49776  >  443 [ACK] Seq=428 Ack=2064 Win=1024 Len=0;;;;1E-12;;-1,05879E-22;1E-12;1E-12
17;0,545449;5,45449E-07;192.168.1.9;40.90.137.125;TCP;66;49778  >  443 [SYN] Seq=0 Win=64240 Len=0 MSS=1460 WS=256 SACK_PERM=1;;;;1E-12;;0;1E-12;1E-12
18;0,54545;5,4545E-07;40.90.137.125;192.168.1.9;TCP;66;443  >  49778 [SYN, ACK] Seq=0 Ack=1 Win=8192 Len=0 MSS=1440 WS=256 SACK_PERM=1;;;;1E-12;;3E-12;-2E-12;-5E-12
19;0,545451;5,45451E-07;192.168.1.9;40.90.137.125;TCP;54;49778  >  443 [ACK] Seq=1 Ack=1 Win=132352 Len=0;;;;-2E-12;;-3E-12;1E-12;4E-12
20;0,545449;5,45449E-07;192.168.1.9;40.90.137.125;TLSv1.2;279;Client Hello;;;;1E-12;;0;1E-12;1E-12
21;0,54545;5,4545E-07;40.90.137.125;192.168.1.9;TCP;1506;443  >  49778 [ACK] Seq=1 Ack=226 Win=262656 Len=1452 [TCP segment of a reassembled PDU];;;;1E-12;;0;1E-12;1E-12
22;0,545451;5,45451E-07;40.90.137.125;192.168.1.9;TCP;1506;443  >  49778 [ACK] Seq=1453 Ack=226 Win=262656 Len=1452 [TCP segment of a reassembled PDU];;;;1E-12;;1,05879E-22;1E-12;1E-12
23;0,545452;5,45452E-07;40.90.137.125;192.168.1.9;TLSv1.2;924;Server Hello, Certificate, Certificate Status, Server Key Exchange, Server Hello Done;;;;1E-12;;-1,05879E-22;1E-12;1E-12
24;0,545453;5,45453E-07;192.168.1.9;40.90.137.125;TCP;54;49778  >  443 [ACK] Seq=226 Ack=3775 Win=132352 Len=0;;;;1E-12;;3E-12;-2E-12;-5E-12
25;0,545454;5,45454E-07;192.168.1.9;40.90.137.125;TLSv1.2;180;Client Key Exchange, Change Cipher Spec, Encrypted Handshake Message;;;;-2E-12;;-3E-12;1E-12;4E-12
26;0,545452;5,45452E-07;40.90.137.125;192.168.1.9;TLSv1.2;105;Change Cipher Spec, Encrypted Handshake Message;;;;1E-12;;-1,05879E-22;1E-12;1E-12
27;0,545453;5,45453E-07;40.90.137.125;192.168.1.9;TLSv1.2;123;Application Data;;;;1E-12;;0;1E-12;1E-12
28;0,545454;5,45454E-07;192.168.1.9;40.90.137.125;TCP;54;49778  >  443 [ACK] Seq=352 Ack=3895 Win=132352 Len=0;;;;1E-12;;0;1E-12;1E-12
29;0,545455;5,45455E-07;192.168.1.9;40.90.137.125;TLSv1.2;141;Application Data;;;;1E-12;;1,05879E-22;1E-12;1E-12
30;0,545456;5,45456E-07;192.168.1.9;40.90.137.125;TLSv1.2;300;Application Data;;;;1E-12;;-1,05879E-22;1E-12;1E-12
31;0,545457;5,45457E-07;192.168.1.9;40.90.137.125;TLSv1.2;92;Application Data;;;;1E-12;;0;1E-12;1E-12
32;0,545458;5,45458E-07;192.168.1.9;40.90.137.125;TCP;1494;49778  >  443 [ACK] Seq=723 Ack=3895 Win=132352 Len=1440 [TCP segment of a reassembled PDU];;;;1E-12;;-9,52912E-22;1E-12;1E-12
33;0,545459;5,45459E-07;192.168.1.9;40.90.137.125;TCP;1494;49778  >  443 [ACK] Seq=2163 Ack=3895 Win=132352 Len=1440 [TCP segment of a reassembled PDU];;;;1E-12;;6E-12;-5E-12;-1,1E-11
34;0,54546;5,4546E-07;192.168.1.9;40.90.137.125;TCP;1494;49778  >  443 [ACK] Seq=3603 Ack=3895 Win=132352 Len=1440 [TCP segment of a reassembled PDU];;;;-5E-12;;-6E-12;1E-12;7E-12
35;0,545455;5,45455E-07;192.168.1.9;40.90.137.125;TLSv1.2;551;Application Data;;;;1E-12;;1,05879E-22;1E-12;1E-12
36;0,545456;5,45456E-07;40.90.137.125;192.168.1.9;TLSv1.2;92;Application Data;;;;1E-12;;-3E-12;4E-12;7E-12
37;0,545457;5,45457E-07;192.168.1.9;40.90.137.125;TCP;54;49778  >  443 [ACK] Seq=5540 Ack=3933 Win=132096 Len=0;;;;4E-12;;3E-12;1E-12;-2E-12
38;0,545461;5,45461E-07;40.90.137.125;192.168.1.9;TCP;56;443  >  49778 [ACK] Seq=3933 Ack=685 Win=262144 Len=0;;;;1E-12;;0;1E-12;1E-12
39;0,545462;5,45462E-07;40.90.137.125;192.168.1.9;TCP;56;443  >  49778 [ACK] Seq=3933 Ack=2163 Win=262656 Len=0;;;;1E-12;;1,05879E-22;1E-12;1E-12
40;0,545463;5,45463E-07;40.90.137.125;192.168.1.9;TCP;56;443  >  49778 [ACK] Seq=3933 Ack=5043 Win=262656 Len=0;;;;1E-12;;-1,05879E-22;1E-12;1E-12
41;0,545464;5,45464E-07;40.90.137.125;192.168.1.9;TLSv1.2;109;Application Data;;;;1E-12;;0;1E-12;1E-12
42;0,545465;5,45465E-07;40.90.137.125;192.168.1.9;TLSv1.2;109;Application Data;;;;1E-12;;9E-12;-8E-12;-1,7E-11
43;0,545466;5,45466E-07;40.90.137.125;192.168.1.9;TLSv1.2;96;Application Data;;;;-8E-12;;-9E-12;1E-12;1E-11
44;0,545458;5,45458E-07;192.168.1.9;40.90.137.125;TCP;54;49778  >  443 [ACK] Seq=5540 Ack=4085 Win=132096 Len=0;;;;1E-12;;1,05879E-22;1E-12;1E-12
45;0,545459;5,45459E-07;40.90.137.125;192.168.1.9;TCP;1506;443  >  49778 [ACK] Seq=4085 Ack=5540 Win=262144 Len=1452 [TCP segment of a reassembled PDU];;;;1E-12;;-6E-12;7E-12;1,3E-11
46;0,54546;5,4546E-07;192.168.1.9;40.90.137.125;TCP;54;49778  >  443 [ACK] Seq=5540 Ack=5537 Win=132352 Len=0;;;;7E-12;;6E-12;1E-12;-5E-12
47;0,545467;5,45467E-07;40.90.137.125;192.168.1.9;TCP;1506;443  >  49778 [ACK] Seq=5537 Ack=5540 Win=262144 Len=1452 [TCP segment of a reassembled PDU];;;;1E-12;;-1,05879E-22;1E-12;1E-12
48;0,545468;5,45468E-07;40.90.137.125;192.168.1.9;TCP;1506;443  >  49778 [ACK] Seq=6989 Ack=5540 Win=262144 Len=1452 [TCP segment of a reassembled PDU];;;;1E-12;;0;1E-12;1E-12
49;0,545469;5,45469E-07;192.168.1.9;40.90.137.125;TCP;54;49778  >  443 [ACK] Seq=5540 Ack=8441 Win=132352 Len=0;;;;1E-12;;0;1E-12;1E-12
50;0,54547;5,4547E-07;40.90.137.125;192.168.1.9;TCP;1506;443  >  49778 [ACK] Seq=8441 Ack=5540 Win=262144 Len=1452 [TCP segment of a reassembled PDU];;;;1E-12;;1,05879E-22;1E-12;1E-12
51;0,545471;5,45471E-07;40.90.137.125;192.168.1.9;TCP;1506;443  >  49778 [ACK] Seq=9893 Ack=5540 Win=262144 Len=1452 [TCP segment of a reassembled PDU];;;;1E-12;;1,2E-11;-1,1E-11;-2,3E-11
52;0,545472;5,45472E-07;40.90.137.125;192.168.1.9;TCP;1506;443  >  49778 [ACK] Seq=11345 Ack=5540 Win=262144 Len=1452 [TCP segment of a reassembled PDU];;;;-1,1E-11;;-1,2E-11;1E-12;1,3E-11
53;0,545461;5,45461E-07;40.90.137.125;192.168.1.9;TCP;1506;443  >  49778 [ACK] Seq=12797 Ack=5540 Win=262144 Len=1452 [TCP segment of a reassembled PDU];;;;1E-12;;0;1E-12;1E-12
54;0,545462;5,45462E-07;40.90.137.125;192.168.1.9;TLSv1.2;446;Application Data;;;;1E-12;;-9E-12;1E-11;1,9E-11
55;0,545463;5,45463E-07;40.90.137.125;192.168.1.9;TLSv1.2;92;Application Data;;;;1E-11;;9E-12;1E-12;-8E-12
56;0,545473;5,45473E-07;192.168.1.9;40.90.137.125;TCP;54;49778  >  443 [ACK] Seq=5540 Ack=14679 Win=132352 Len=0;;;;1E-12;;0;1E-12;1E-12
59;0,545474;5,45474E-07;192.168.1.9;40.74.108.123;TCP;66;49779  >  443 [SYN] Seq=0 Win=64240 Len=0 MSS=1460 WS=256 SACK_PERM=1;;;;1E-12;;1,05879E-22;1E-12;1E-12
60;0,545475;5,45475E-07;40.74.108.123;192.168.1.9;TCP;66;443  >  49779 [SYN, ACK] Seq=0 Ack=1 Win=65535 Len=0 MSS=1440 WS=256 SACK_PERM=1;;;;1E-12;;-1,05879E-22;1E-12;1E-12
61;0,545476;5,45476E-07;192.168.1.9;40.74.108.123;TCP;54;49779  >  443 [ACK] Seq=1 Ack=1 Win=132352 Len=0;;;;1E-12;;0;1E-12;1E-12
62;0,545477;5,45477E-07;192.168.1.9;40.74.108.123;TLSv1.2;264;Client Hello;;;;1E-12;;1,5E-11;-1,4E-11;-2,9E-11
63;0,545478;5,45478E-07;192.168.1.9;40.90.137.125;TLSv1.2;104;Application Data;;;;-1,4E-11;;-1,5E-11;1E-12;1,6E-11
64;0,545464;5,45464E-07;192.168.1.9;40.90.137.125;TCP;1494;49778  >  443 [ACK] Seq=5590 Ack=14679 Win=132352 Len=1440 [TCP segment of a reassembled PDU];;;;1E-12;;0;1E-12;1E-12
65;0,545465;5,45465E-07;192.168.1.9;40.90.137.125;TCP;1494;49778  >  443 [ACK] Seq=7030 Ack=14679 Win=132352 Len=1440 [TCP segment of a reassembled PDU];;;;1E-12;;-1,2E-11;1,3E-11;2,5E-11
66;0,545466;5,45466E-07;192.168.1.9;40.90.137.125;TCP;1494;49778  >  443 [ACK] Seq=8470 Ack=14679 Win=132352 Len=1440 [TCP segment of a reassembled PDU];;;;1,3E-11;;1,2E-11;1E-12;-1,1E-11
67;0,545479;5,45479E-07;192.168.1.9;40.90.137.125;TLSv1.2;535;Application Data;;;;1E-12;;-1,05879E-22;1E-12;1E-12
68;0,54548;5,4548E-07;40.74.108.123;192.168.1.9;TCP;1506;443  >  49779 [ACK] Seq=1 Ack=211 Win=525312 Len=1452 [TCP segment of a reassembled PDU];;;;1E-12;;0;1E-12;1E-12
69;0,545481;5,45481E-07;40.74.108.123;192.168.1.9;TCP;1506;443  >  49779 [ACK] Seq=1453 Ack=211 Win=525312 Len=1452 [TCP segment of a reassembled PDU];;;;1E-12;;0;1E-12;1E-12
70;0,545482;5,45482E-07;40.74.108.123;192.168.1.9;TLSv1.2;876;Server Hello, Certificate, Server Key Exchange, Server Hello Done;;;;1E-12;;1,05879E-22;1E-12;1E-12
71;0,545483;5,45483E-07;192.168.1.9;40.74.108.123;TCP;54;49779  >  443 [ACK] Seq=211 Ack=3727 Win=132352 Len=0;;;;1E-12;;1,8E-11;-1,7E-11;-3,5E-11
72;0,545484;5,45484E-07;192.168.1.9;40.74.108.123;TLSv1.2;180;Client Key Exchange, Change Cipher Spec, Encrypted Handshake Message;;;;-1,7E-11;;-1,8E-11;1E-12;1,9E-11
73;0,545467;5,45467E-07;40.74.108.123;192.168.1.9;TLSv1.2;105;Change Cipher Spec, Encrypted Handshake Message;;;;1E-12;;-1,05879E-22;1E-12;1E-12
74;0,545468;5,45468E-07;40.74.108.123;192.168.1.9;TLSv1.2;123;Application Data;;;;1E-12;;-1,5E-11;1,6E-11;3,1E-11
75;0,545469;5,45469E-07;192.168.1.9;40.74.108.123;TCP;54;49779  >  443 [ACK] Seq=337 Ack=3847 Win=132352 Len=0;;;;1,6E-11;;1,5E-11;1E-12;-1,4E-11
76;0,545485;5,45485E-07;192.168.1.9;40.74.108.123;TLSv1.2;141;Application Data;;;;1E-12;;0;1E-12;1E-12
77;0,545486;5,45486E-07;192.168.1.9;40.74.108.123;TLSv1.2;721;Application Data;;;;1E-12;;1,05879E-22;1E-12;1E-12
78;0,545487;5,45487E-07;192.168.1.9;40.74.108.123;TLSv1.2;92;Application Data;;;;1E-12;;-1,05879E-22;1E-12;1E-12
79;0,545488;5,45488E-07;40.90.137.125;192.168.1.9;TCP;56;443  >  49778 [ACK] Seq=14679 Ack=7030 Win=262656 Len=0;;;;1E-12;;0;1E-12;1E-12
80;0,545489;5,45489E-07;40.90.137.125;192.168.1.9;TCP;56;443  >  49778 [ACK] Seq=14679 Ack=9910 Win=262656 Len=0;;;;1E-12;;2,1E-11;-2E-11;-4,1E-11
81;0,54549;5,4549E-07;40.90.137.125;192.168.1.9;TLSv1.2;109;Application Data;;;;-2E-11;;-2,1E-11;1E-12;2,2E-11
82;0,54547;5,4547E-07;40.90.137.125;192.168.1.9;TLSv1.2;109;Application Data;;;;1E-12;;1,05879E-22;1E-12;1E-12
83;0,545471;5,45471E-07;40.90.137.125;192.168.1.9;TLSv1.2;96;Application Data;;;;1E-12;;-1,8E-11;1,9E-11;3,7E-11
84;0,545472;5,45472E-07;192.168.1.9;40.90.137.125;TCP;54;49778  >  443 [ACK] Seq=10391 Ack=14831 Win=132096 Len=0;;;;1,9E-11;;1,8E-11;1E-12;-1,7E-11
85;0,545491;5,45491E-07;40.90.137.125;192.168.1.9;TCP;1506;443  >  49778 [ACK] Seq=14831 Ack=10391 Win=262144 Len=1452 [TCP segment of a reassembled PDU];;;;1E-12;;0;1E-12;1E-12
86;0,545492;5,45492E-07;192.168.1.9;40.90.137.125;TCP;54;49778  >  443 [ACK] Seq=10391 Ack=16283 Win=132352 Len=0;;;;1E-12;;0;1E-12;1E-12
87;0,545493;5,45493E-07;40.90.137.125;192.168.1.9;TCP;1506;443  >  49778 [ACK] Seq=16283 Ack=10391 Win=262144 Len=1452 [TCP segment of a reassembled PDU];;;;1E-12;;-9,52912E-22;1E-12;1E-12
88;0,545494;5,45494E-07;40.90.137.125;192.168.1.9;TCP;1506;443  >  49778 [ACK] Seq=17735 Ack=10391 Win=262144 Len=1452 [TCP segment of a reassembled PDU];;;;1E-12;;9,52912E-22;1E-12;1E-12
89;0,545495;5,45495E-07;40.90.137.125;192.168.1.9;TCP;1506;443  >  49778 [ACK] Seq=19187 Ack=10391 Win=262144 Len=1452 [TCP segment of a reassembled PDU];;;;1E-12;;2,4E-11;-2,3E-11;-4,7E-11
90;0,545496;5,45496E-07;40.90.137.125;192.168.1.9;TCP;1506;443  >  49778 [ACK] Seq=20639 Ack=10391 Win=262144 Len=1452 [TCP segment of a reassembled PDU];;;;-2,3E-11;;-2,4E-11;1E-12;2,5E-11
91;0,545473;5,45473E-07;40.90.137.125;192.168.1.9;TCP;1506;443  >  49778 [ACK] Seq=22091 Ack=10391 Win=262144 Len=1452 [TCP segment of a reassembled PDU];;;;1E-12;;0;1E-12;1E-12
92;0,545474;5,45474E-07;40.90.137.125;192.168.1.9;TCP;1506;443  >  49778 [ACK] Seq=23543 Ack=10391 Win=262144 Len=1452 [TCP segment of a reassembled PDU];;;;1E-12;;-2,1E-11;2,2E-11;4,3E-11
93;0,545475;5,45475E-07;40.90.137.125;192.168.1.9;TLSv1.2;888;Application Data;;;;2,2E-11;;2,1E-11;1E-12;-2E-11
94;0,545497;5,45497E-07;40.90.137.125;192.168.1.9;TLSv1.2;92;Application Data;;;;1E-12;;1,05879E-22;1E-12;1E-12
95;0,545498;5,45498E-07;192.168.1.9;40.90.137.125;TCP;54;49778  >  443 [ACK] Seq=10391 Ack=25867 Win=132352 Len=0;;;;1E-12;;-1,05879E-22;1E-12;1E-12
96;0,545499;5,45499E-07;40.74.108.123;192.168.1.9;TLSv1.2;92;Application Data;;;;1E-12;;0;1E-12;1E-12
97;0,5455;5,455E-07;40.74.108.123;192.168.1.9;TCP;56;443  >  49779 [ACK] Seq=3885 Ack=1129 Win=524288 Len=0;;;;1E-12;;0;1E-12;1E-12
98;0,545501;5,45501E-07;40.74.108.123;192.168.1.9;TLSv1.2;221;Application Data;;;;1E-12;;2,7E-11;-2,6E-11;-5,3E-11
99;0,545502;5,45502E-07;192.168.1.9;40.74.108.123;TCP;54;49779  >  443 [ACK] Seq=1129 Ack=4052 Win=132096 Len=0;;;;-2,6E-11;;-2,7E-11;1E-12;2,8E-11
100;0,545476;5,45476E-07;192.168.1.9;40.74.108.123;TCP;54;49779  >  443 [FIN, ACK] Seq=1129 Ack=4052 Win=132096 Len=0;;;;1E-12;;0;1E-12;1E-12
101;0,545477;5,45477E-07;40.74.108.123;192.168.1.9;TCP;54;443  >  49779 [FIN, ACK] Seq=4052 Ack=1130 Win=524288 Len=0;;;;1E-12;;-2,4E-11;2,5E-11;4,9E-11
102;0,545478;5,45478E-07;192.168.1.9;40.74.108.123;TCP;54;49779  >  443 [ACK] Seq=1130 Ack=4053 Win=132096 Len=0;;;;2,5E-11;;2,4E-11;1E-12;-2,3E-11
103;0,545503;5,45503E-07;192.168.1.9;40.74.108.123;TCP;66;49780  >  443 [SYN] Seq=0 Win=64240 Len=0 MSS=1460 WS=256 SACK_PERM=1;;;;1E-12;;0;1E-12;1E-12
104;0,545504;5,45504E-07;40.74.108.123;192.168.1.9;TCP;66;443  >  49780 [SYN, ACK] Seq=0 Ack=1 Win=65535 Len=0 MSS=1440 WS=256 SACK_PERM=1;;;;1E-12;;0;1E-12;1E-12
105;0,545505;5,45505E-07;192.168.1.9;40.74.108.123;TCP;54;49780  >  443 [ACK] Seq=1 Ack=1 Win=132352 Len=0;;;;1E-12;;1,05879E-22;1E-12;1E-12
106;0,545506;5,45506E-07;192.168.1.9;40.74.108.123;TLSv1.2;264;Client Hello;;;;1E-12;;-1,05879E-22;1E-12;1E-12
107;0,545507;5,45507E-07;40.74.108.123;192.168.1.9;TCP;1506;443  >  49780 [ACK] Seq=1 Ack=211 Win=525312 Len=1452 [TCP segment of a reassembled PDU];;;;1E-12;;3E-11;-2,9E-11;-5,9E-11
108;0,545508;5,45508E-07;40.74.108.123;192.168.1.9;TCP;1506;443  >  49780 [ACK] Seq=1453 Ack=211 Win=525312 Len=1452 [TCP segment of a reassembled PDU];;;;-2,9E-11;;-3E-11;1E-12;3,1E-11
109;0,545479;5,45479E-07;40.74.108.123;192.168.1.9;TLSv1.2;876;Server Hello, Certificate, Server Key Exchange, Server Hello Done;;;;1E-12;;-1,05879E-22;1E-12;1E-12
110;0,54548;5,4548E-07;192.168.1.9;40.74.108.123;TCP;54;49780  >  443 [ACK] Seq=211 Ack=3727 Win=132352 Len=0;;;;1E-12;;-2,7E-11;2,8E-11;5,5E-11
111;0,545481;5,45481E-07;192.168.1.9;40.74.108.123;TLSv1.2;180;Client Key Exchange, Change Cipher Spec, Encrypted Handshake Message;;;;2,8E-11;;2,7E-11;1E-12;-2,6E-11
114;0,545509;5,45509E-07;192.168.1.9;40.74.108.123;TCP;180;[TCP Retransmission] 49780  >  443 [PSH, ACK] Seq=211 Ack=3727 Win=132352 Len=126;;;;1E-12;;1,05879E-22;1E-12;1E-12
115;0,54551;5,4551E-07;40.74.108.123;192.168.1.9;TLSv1.2;123;[TCP Previous segment not captured] , Application Data;;;;1E-12;;-1,05879E-22;1E-12;1E-12
118;0,545511;5,45511E-07;40.74.108.123;192.168.1.9;TCP;174;[TCP Retransmission] 443  >  49780 [PSH, ACK] Seq=3727 Ack=337 Win=525056 Len=120;;;;1E-12;;0;1E-12;1E-12
119;0,545512;5,45512E-07;192.168.1.9;40.74.108.123;TCP;66;[TCP Dup ACK 110#1] 49780  >  443 [ACK] Seq=337 Ack=3727 Win=132352 Len=0 SLE=3778 SRE=3847;;;;1E-12;;0;1E-12;1E-12
120;0,545513;5,45513E-07;192.168.1.9;40.74.108.123;TCP;66;49780  >  443 [ACK] Seq=337 Ack=3847 Win=132352 Len=0 SLE=3778 SRE=3847;;;;1E-12;;3,3E-11;-3,2E-11;-6,5E-11
121;0,545514;5,45514E-07;40.74.108.123;192.168.1.9;TCP;66;[TCP Dup ACK 115#1] 443  >  49780 [ACK] Seq=3847 Ack=337 Win=525056 Len=0 SLE=211 SRE=337;;;;-3,2E-11;;-3,3E-11;1E-12;3,4E-11
122;0,545482;5,45482E-07;192.168.1.9;40.119.211.203;TCP;66;49781  >  443 [SYN] Seq=0 Win=64240 Len=0 MSS=1460 WS=256 SACK_PERM=1;;;;1E-12;;1,05879E-22;1E-12;1E-12
123;0,545483;5,45483E-07;192.168.1.9;40.74.108.123;TLSv1.2;141;Application Data;;;;1E-12;;-3E-11;3,1E-11;6,1E-11
124;0,545484;5,45484E-07;192.168.1.9;40.74.108.123;TLSv1.2;775;Application Data;;;;3,1E-11;;3E-11;1E-12;-2,9E-11
125;0,545515;5,45515E-07;192.168.1.9;40.74.108.123;TLSv1.2;92;Application Data;;;;1E-12;;0;1E-12;1E-12
126;0,545516;5,45516E-07;40.119.211.203;192.168.1.9;TCP;66;443  >  49781 [SYN, ACK] Seq=0 Ack=1 Win=8192 Len=0 MSS=1440 WS=1 SACK_PERM=1;;;;1E-12;;1,05879E-22;1E-12;1E-12
127;0,545517;5,45517E-07;192.168.1.9;40.119.211.203;TCP;54;49781  >  443 [ACK] Seq=1 Ack=1 Win=132352 Len=0;;;;1E-12;;-1,05879E-22;1E-12;1E-12
128;0,545518;5,45518E-07;192.168.1.9;40.119.211.203;TLSv1.2;232;Client Hello;;;;1E-12;;0;1E-12;1E-12
129;0,545519;5,45519E-07;192.168.1.9;40.74.108.123;TCP;900;[TCP Retransmission] 49780  >  443 [PSH, ACK] Seq=337 Ack=3847 Win=132352 Len=846;;;;1E-12;;3,6E-11;-3,5E-11;-7,1E-11
130;0,54552;5,4552E-07;40.74.108.123;192.168.1.9;TLSv1.2;92;Application Data;;;;-3,5E-11;;-3,6E-11;1E-12;3,7E-11
131;0,545485;5,45485E-07;40.74.108.123;192.168.1.9;TCP;56;443  >  49780 [ACK] Seq=3885 Ack=1183 Win=524288 Len=0;;;;1E-12;;0;1E-12;1E-12
132;0,545486;5,45486E-07;40.74.108.123;192.168.1.9;TLSv1.2;187;Application Data;;;;1E-12;;-3,3E-11;3,4E-11;6,7E-11
133;0,545487;5,45487E-07;40.119.211.203;192.168.1.9;TCP;1506;443  >  49781 [ACK] Seq=1 Ack=179 Win=8014 Len=1452 [TCP segment of a reassembled PDU];;;;3,4E-11;;3,3E-11;1E-12;-3,2E-11
134;0,545521;5,45521E-07;40.119.211.203;192.168.1.9;TCP;62;443  >  49781 [PSH, ACK] Seq=1453 Ack=179 Win=8014 Len=8 [TCP segment of a reassembled PDU];;;;1E-12;;-1,05879E-22;1E-12;1E-12
135;0,545522;5,45522E-07;40.119.211.203;192.168.1.9;TCP;1506;443  >  49781 [ACK] Seq=1461 Ack=179 Win=8014 Len=1452 [TCP segment of a reassembled PDU];;;;1E-12;;0;1E-12;1E-12
136;0,545523;5,45523E-07;40.119.211.203;192.168.1.9;TCP;62;443  >  49781 [PSH, ACK] Seq=2913 Ack=179 Win=8014 Len=8 [TCP segment of a reassembled PDU];;;;1E-12;;0;1E-12;1E-12
137;0,545524;5,45524E-07;40.119.211.203;192.168.1.9;TLSv1.2;920;Server Hello, Certificate, Server Key Exchange, Server Hello Done;;;;1E-12;;1,05879E-22;1E-12;1E-12
138;0,545525;5,45525E-07;40.119.211.203;192.168.1.9;TCP;1506;[TCP Retransmission] 443  >  49781 [PSH, ACK] Seq=2335 Ack=179 Win=8014 Len=1452;;;;1E-12;;3,9E-11;-3,8E-11;-7,7E-11
139;0,545526;5,45526E-07;192.168.1.9;40.119.211.203;TCP;66;49781  >  443 [ACK] Seq=179 Ack=3787 Win=132352 Len=0 SLE=2335 SRE=3787;;;;-3,8E-11;;-3,9E-11;1E-12;4E-11
140;0,545488;5,45488E-07;192.168.1.9;40.74.108.123;TCP;54;49780  >  443 [ACK] Seq=1183 Ack=4018 Win=132096 Len=0;;;;1E-12;;0;1E-12;1E-12
141;0,545489;5,45489E-07;40.74.108.123;192.168.1.9;TLSv1.2;225;[TCP Spurious Retransmission] , Application Data, Application Data;;;;1E-12;;-3,6E-11;3,7E-11;7,3E-11
142;0,54549;5,4549E-07;192.168.1.9;40.74.108.123;TCP;66;[TCP Dup ACK 140#1] 49780  >  443 [ACK] Seq=1183 Ack=4018 Win=132096 Len=0 SLE=3847 SRE=4018;;;;3,7E-11;;3,6E-11;1E-12;-3,5E-11
143;0,545527;5,45527E-07;192.168.1.9;40.119.211.203;TLSv1.2;212;Client Key Exchange, Change Cipher Spec, Encrypted Handshake Message;;;;1E-12;;0;1E-12;1E-12
144;0,545528;5,45528E-07;40.74.108.123;192.168.1.9;TCP;66;[TCP Dup ACK 131#1] 443  >  49780 [ACK] Seq=4018 Ack=1183 Win=524288 Len=0 SLE=337 SRE=1183;;;;1E-12;;-8,47033E-22;1E-12;1E-12
145;0,545529;5,45529E-07;40.119.211.203;192.168.1.9;TLSv1.2;105;Change Cipher Spec, Encrypted Handshake Message;;;;1E-12;;8,47033E-22;1E-12;1E-12
146;0,54553;5,4553E-07;192.168.1.9;40.74.108.123;TCP;54;49780  >  443 [FIN, ACK] Seq=1183 Ack=4018 Win=132096 Len=0;;;;1E-12;;0;1E-12;1E-12
147;0,545531;5,45531E-07;192.168.1.9;40.119.211.203;TCP;54;49781  >  443 [ACK] Seq=337 Ack=3838 Win=132352 Len=0;;;;1E-12;;4,2E-11;-4,1E-11;-8,3E-11
148;0,545532;5,45532E-07;192.168.1.9;40.119.211.203;TLSv1.2;445;Application Data;;;;-4,1E-11;;-4,2E-11;1E-12;4,3E-11
149;0,545491;5,45491E-07;192.168.1.9;40.119.211.203;TLSv1.2;1147;Application Data;;;;1E-12;;0;1E-12;1E-12
150;0,545492;5,45492E-07;192.168.1.9;40.119.211.203;TLSv1.2;301;Application Data;;;;1E-12;;-3,9E-11;4E-11;7,9E-11
151;0,545493;5,45493E-07;40.74.108.123;192.168.1.9;TCP;54;443  >  49780 [FIN, ACK] Seq=4018 Ack=1184 Win=524288 Len=0;;;;4E-11;;3,9E-11;1E-12;-3,8E-11
152;0,545533;5,45533E-07;192.168.1.9;40.74.108.123;TCP;54;49780  >  443 [ACK] Seq=1184 Ack=4019 Win=132096 Len=0;;;;1E-12;;-1,05879E-22;1E-12;1E-12
153;0,545534;5,45534E-07;40.119.211.203;192.168.1.9;TLSv1.2;335;Application Data;;;;1E-12;;0;1E-12;1E-12
154;0,545535;5,45535E-07;40.119.211.203;192.168.1.9;TCP;56;443  >  49781 [ACK] Seq=4119 Ack=1821 Win=8192 Len=0;;;;1E-12;;0;1E-12;1E-12
155;0,545536;5,45536E-07;40.119.211.203;192.168.1.9;TCP;56;443  >  49781 [ACK] Seq=4119 Ack=2068 Win=7945 Len=0;;;;1E-12;;1,05879E-22;1E-12;1E-12
156;0,545537;5,45537E-07;40.119.211.203;192.168.1.9;TLSv1.2;155;Application Data;;;;1E-12;;4,5E-11;-4,4E-11;-8,9E-11
157;0,545538;5,45538E-07;192.168.1.9;40.119.211.203;TCP;54;49781  >  443 [ACK] Seq=2068 Ack=4220 Win=131840 Len=0;;;;-4,4E-11;;-4,5E-11;1E-12;4,6E-11
158;0,545494;5,45494E-07;40.119.211.203;192.168.1.9;TLSv1.2;232;Application Data;;;;1E-12;;-1,05879E-22;1E-12;1E-12
159;0,545495;5,45495E-07;192.168.1.9;40.119.211.203;TCP;54;49781  >  443 [ACK] Seq=2068 Ack=4398 Win=131840 Len=0;;;;1E-12;;-4,2E-11;4,3E-11;8,5E-11
164;0,545496;5,45496E-07;192.168.1.9;40.119.211.203;TLSv1.2;273;Application Data;;;;4,3E-11;;4,2E-11;1E-12;-4,1E-11
165;0,545539;5,45539E-07;192.168.1.9;40.119.211.203;TLSv1.2;301;Application Data;;;;1E-12;;0;1E-12;1E-12
166;0,54554;5,4554E-07;40.119.211.203;192.168.1.9;TLSv1.2;155;Application Data;;;;1E-12;;1,05879E-22;1E-12;1E-12
167;0,545541;5,45541E-07;40.119.211.203;192.168.1.9;TLSv1.2;452;Application Data;;;;1E-12;;-1,05879E-22;1E-12;1E-12
168;0,545542;5,45542E-07;192.168.1.9;40.119.211.203;TCP;54;49781  >  443 [ACK] Seq=2534 Ack=4897 Win=131328 Len=0;;;;1E-12;;0;1E-12;1E-12
169;0,545543;5,45543E-07;192.168.1.9;74.125.130.188;TCP;55;49744  >  5228 [ACK] Seq=1 Ack=1 Win=510 Len=1;;;;1E-12;;4,8E-11;-4,7E-11;-9,5E-11
170;0,545544;5,45544E-07;74.125.130.188;192.168.1.9;TCP;66;5228  >  49744 [ACK] Seq=1 Ack=2 Win=265 Len=0 SLE=1 SRE=2;;;;-4,7E-11;;-4,8E-11;1E-12;4,9E-11
175;0,545497;5,45497E-07;192.168.1.9;40.90.137.125;TLSv1.2;104;Application Data;;;;1E-12;;1,05879E-22;1E-12;1E-12
176;0,545498;5,45498E-07;192.168.1.9;40.90.137.125;TCP;1494;49778  >  443 [ACK] Seq=10441 Ack=25867 Win=132352 Len=1440;;;;1E-12;;-4,5E-11;4,6E-11;9,1E-11
177;0,545499;5,45499E-07;192.168.1.9;40.90.137.125;TCP;1494;49778  >  443 [ACK] Seq=11881 Ack=25867 Win=132352 Len=1440 [TCP segment of a reassembled PDU];;;;4,6E-11;;4,5E-11;1E-12;-4,4E-11
178;0,545545;5,45545E-07;192.168.1.9;40.90.137.125;TCP;1494;49778  >  443 [ACK] Seq=13321 Ack=25867 Win=132352 Len=1440 [TCP segment of a reassembled PDU];;;;1E-12;;-1,05879E-22;1E-12;1E-12
179;0,545546;5,45546E-07;192.168.1.9;40.90.137.125;TCP;537;49778  >  443 [PSH, ACK] Seq=14761 Ack=25867 Win=132352 Len=483 [TCP segment of a reassembled PDU];;;;1E-12;;0;1E-12;1E-12
180;0,545547;5,45547E-07;40.90.137.125;192.168.1.9;TCP;66;[TCP Dup ACK 81#1] 443  >  49778 [ACK] Seq=25867 Ack=10391 Win=262144 Len=0 SLE=10441 SRE=11881;;;;1E-12;;1,05879E-22;1E-12;1E-12
181;0,545548;5,45548E-07;40.90.137.125;192.168.1.9;TCP;66;[TCP Dup ACK 81#2] 443  >  49778 [ACK] Seq=25867 Ack=10391 Win=262144 Len=0 SLE=10441 SRE=13321;;;;1E-12;;-1,05879E-22;1E-12;1E-12
182;0,545549;5,45549E-07;40.90.137.125;192.168.1.9;TCP;66;[TCP Dup ACK 81#3] 443  >  49778 [ACK] Seq=25867 Ack=10391 Win=262144 Len=0 SLE=10441 SRE=14761;;;;1E-12;;5,1E-11;-5E-11;-1,01E-10
183;0,54555;5,4555E-07;192.168.1.9;40.90.137.125;TLSv1.2;1494;[TCP Fast Retransmission] , Application Data;;;;-5E-11;;-5,1E-11;1E-12;5,2E-11
184;0,5455;5,455E-07;40.90.137.125;192.168.1.9;TCP;66;[TCP Dup ACK 81#4] 443  >  49778 [ACK] Seq=25867 Ack=10391 Win=262144 Len=0 SLE=10441 SRE=15244;;;;1E-12;;0;1E-12;1E-12
185;0,545501;5,45501E-07;40.90.137.125;192.168.1.9;TCP;66;443  >  49778 [ACK] Seq=25867 Ack=15244 Win=262656 Len=0 SLE=10441 SRE=11831;;;;1E-12;;-4,8E-11;4,9E-11;9,7E-11
186;0,545502;5,45502E-07;40.90.137.125;192.168.1.9;TLSv1.2;109;Application Data;;;;4,9E-11;;4,8E-11;1E-12;-4,7E-11
187;0,545551;5,45551E-07;40.90.137.125;192.168.1.9;TLSv1.2;109;Application Data;;;;1E-12;;1,05879E-22;1E-12;1E-12
188;0,545552;5,45552E-07;40.90.137.125;192.168.1.9;TLSv1.2;96;Application Data;;;;1E-12;;-1,05879E-22;1E-12;1E-12
189;0,545553;5,45553E-07;192.168.1.9;40.90.137.125;TCP;54;49778  >  443 [ACK] Seq=15244 Ack=26019 Win=132096 Len=0;;;;1E-12;;0;1E-12;1E-12
190;0,545554;5,45554E-07;40.90.137.125;192.168.1.9;TCP;1506;443  >  49778 [ACK] Seq=26019 Ack=15244 Win=262656 Len=1452 [TCP segment of a reassembled PDU];;;;1E-12;;0;1E-12;1E-12
191;0,545555;5,45555E-07;40.90.137.125;192.168.1.9;TCP;1506;443  >  49778 [ACK] Seq=27471 Ack=15244 Win=262656 Len=1452 [TCP segment of a reassembled PDU];;;;1E-12;;5,4E-11;-5,3E-11;-1,07E-10
192;0,545556;5,45556E-07;40.90.137.125;192.168.1.9;TCP;1506;443  >  49778 [ACK] Seq=28923 Ack=15244 Win=262656 Len=1452 [TCP segment of a reassembled PDU];;;;-5,3E-11;;-5,4E-11;1E-12;5,5E-11
193;0,545503;5,45503E-07;40.90.137.125;192.168.1.9;TCP;1506;443  >  49778 [ACK] Seq=30375 Ack=15244 Win=262656 Len=1452 [TCP segment of a reassembled PDU];;;;1E-12;;0;1E-12;1E-12
194;0,545504;5,45504E-07;40.90.137.125;192.168.1.9;TCP;1506;443  >  49778 [ACK] Seq=31827 Ack=15244 Win=262656 Len=1452 [TCP segment of a reassembled PDU];;;;1E-12;;-5,1E-11;5,2E-11;1,03E-10
195;0,545505;5,45505E-07;40.90.137.125;192.168.1.9;TCP;1506;443  >  49778 [ACK] Seq=33279 Ack=15244 Win=262656 Len=1452 [TCP segment of a reassembled PDU];;;;5,2E-11;;5,1E-11;1E-12;-5E-11
196;0,545557;5,45557E-07;40.90.137.125;192.168.1.9;TCP;1506;443  >  49778 [ACK] Seq=34731 Ack=15244 Win=262656 Len=1452 [TCP segment of a reassembled PDU];;;;1E-12;;0;1E-12;1E-12
197;0,545558;5,45558E-07;40.90.137.125;192.168.1.9;TCP;1506;443  >  49778 [ACK] Seq=36183 Ack=15244 Win=262656 Len=1452 [TCP segment of a reassembled PDU];;;;1E-12;;0;1E-12;1E-12
198;0,545559;5,45559E-07;40.90.137.125;192.168.1.9;TLSv1.2;332;Application Data;;;;1E-12;;1,05879E-22;1E-12;1E-12
199;0,54556;5,4556E-07;40.90.137.125;192.168.1.9;TLSv1.2;92;Application Data;;;;1E-12;;-1,05879E-22;1E-12;1E-12
200;0,545561;5,45561E-07;192.168.1.9;40.90.137.125;TCP;54;49778  >  443 [ACK] Seq=15244 Ack=37951 Win=132352 Len=0;;;;1E-12;;5,7E-11;-5,6E-11;-1,13E-10
203;0,545562;5,45562E-07;192.168.1.9;13.107.246.10;TCP;66;49782  >  443 [SYN] Seq=0 Win=64240 Len=0 MSS=1460 WS=256 SACK_PERM=1;;;;-5,6E-11;;-5,7E-11;1E-12;5,8E-11
204;0,545506;5,45506E-07;13.107.246.10;192.168.1.9;TCP;66;443  >  49782 [SYN, ACK] Seq=0 Ack=1 Win=65535 Len=0 MSS=1440 WS=256 SACK_PERM=1;;;;1E-12;;-1,05879E-22;1E-12;1E-12
205;0,545507;5,45507E-07;192.168.1.9;13.107.246.10;TCP;54;49782  >  443 [ACK] Seq=1 Ack=1 Win=132352 Len=0;;;;1E-12;;-5,4E-11;5,5E-11;1,09E-10
206;0,545508;5,45508E-07;192.168.1.9;13.107.246.10;TLSv1.2;256;Client Hello;;;;5,5E-11;;5,4E-11;1E-12;-5,3E-11
207;0,545563;5,45563E-07;13.107.246.10;192.168.1.9;TCP;54;443  >  49782 [ACK] Seq=1 Ack=203 Win=525312 Len=0;;;;1E-12;;-8,47033E-22;1E-12;1E-12
208;0,545564;5,45564E-07;13.107.246.10;192.168.1.9;TCP;1506;443  >  49782 [ACK] Seq=1 Ack=203 Win=525312 Len=1452 [TCP segment of a reassembled PDU];;;;1E-12;;8,47033E-22;1E-12;1E-12
209;0,545565;5,45565E-07;13.107.246.10;192.168.1.9;TCP;1506;443  >  49782 [ACK] Seq=1453 Ack=203 Win=525312 Len=1452 [TCP segment of a reassembled PDU];;;;1E-12;;0;1E-12;1E-12
210;0,545566;5,45566E-07;13.107.246.10;192.168.1.9;TCP;1506;443  >  49782 [ACK] Seq=2905 Ack=203 Win=525312 Len=1452 [TCP segment of a reassembled PDU];;;;1E-12;;0;1E-12;1E-12
211;0,545567;5,45567E-07;13.107.246.10;192.168.1.9;TLSv1.2;1357;Server Hello, Certificate, Certificate Status, Server Key Exchange, Server Hello Done;;;;1E-12;;6E-11;-5,9E-11;-1,19E-10
212;0,545568;5,45568E-07;192.168.1.9;13.107.246.10;TCP;54;49782  >  443 [ACK] Seq=203 Ack=5660 Win=132352 Len=0;;;;-5,9E-11;;-6E-11;1E-12;6,1E-11
213;0,545509;5,45509E-07;192.168.1.9;13.107.246.10;TLSv1.2;212;Client Key Exchange, Change Cipher Spec, Encrypted Handshake Message;;;;1E-12;;1,05879E-22;1E-12;1E-12
214;0,54551;5,4551E-07;13.107.246.10;192.168.1.9;TCP;56;443  >  49782 [ACK] Seq=5660 Ack=361 Win=525056 Len=0;;;;1E-12;;-5,7E-11;5,8E-11;1,15E-10
215;0,545511;5,45511E-07;13.107.246.10;192.168.1.9;TLSv1.2;380;New Session Ticket, Change Cipher Spec, Encrypted Handshake Message;;;;5,8E-11;;5,7E-11;1E-12;-5,6E-11
216;0,545569;5,45569E-07;13.107.246.10;192.168.1.9;TLSv1.2;123;Application Data;;;;1E-12;;0;1E-12;1E-12
217;0,54557;5,4557E-07;192.168.1.9;13.107.246.10;TCP;54;49782  >  443 [ACK] Seq=361 Ack=6055 Win=131840 Len=0;;;;1E-12;;0;1E-12;1E-12
218;0,545571;5,45571E-07;192.168.1.9;13.107.246.10;TLSv1.2;141;Application Data;;;;1E-12;;1,05879E-22;1E-12;1E-12
219;0,545572;5,45572E-07;192.168.1.9;13.107.246.10;TLSv1.2;1464;Application Data;;;;1E-12;;-1,05879E-22;1E-12;1E-12
220;0,545573;5,45573E-07;192.168.1.9;13.107.246.10;TLSv1.2;92;Application Data;;;;1E-12;;6,3E-11;-6,2E-11;-1,25E-10
221;0,545574;5,45574E-07;192.168.1.9;13.107.246.10;TLSv1.2;296;Application Data;;;;-6,2E-11;;-6,3E-11;1E-12;6,4E-11
222;0,545512;5,45512E-07;13.107.246.10;192.168.1.9;TCP;56;443  >  49782 [ACK] Seq=6055 Ack=448 Win=525056 Len=0;;;;1E-12;;0;1E-12;1E-12
223;0,545513;5,45513E-07;13.107.246.10;192.168.1.9;TLSv1.2;92;Application Data;;;;1E-12;;-6E-11;6,1E-11;1,21E-10
224;0,545514;5,45514E-07;13.107.246.10;192.168.1.9;TCP;56;443  >  49782 [ACK] Seq=6093 Ack=1858 Win=525568 Len=0;;;;6,1E-11;;6E-11;1E-12;-5,9E-11
225;0,545575;5,45575E-07;13.107.246.10;192.168.1.9;TCP;56;443  >  49782 [ACK] Seq=6093 Ack=1896 Win=525568 Len=0;;;;1E-12;;-1,05879E-22;1E-12;1E-12
226;0,545576;5,45576E-07;13.107.246.10;192.168.1.9;TCP;56;443  >  49782 [ACK] Seq=6093 Ack=2138 Win=525312 Len=0;;;;1E-12;;0;1E-12;1E-12
322;0,545577;5,45577E-07;192.168.1.9;13.107.246.10;TCP;54;49782  >  443 [ACK] Seq=2138 Ack=6093 Win=131840 Len=0;;;;1E-12;;0;1E-12;1E-12
631;0,545578;5,45578E-07;13.107.246.10;192.168.1.9;TLSv1.2;349;Application Data;;;;1E-12;;1,05879E-22;1E-12;1E-12
632;0,545579;5,45579E-07;192.168.1.9;13.107.246.10;TCP;54;49782  >  443 [FIN, ACK] Seq=2138 Ack=6388 Win=131584 Len=0;;;;1E-12;;6,6E-11;-6,5E-11;-1,31E-10
633;0,54558;5,4558E-07;13.107.246.10;192.168.1.9;TCP;54;443  >  49782 [ACK] Seq=6388 Ack=2139 Win=525312 Len=0;;;;-6,5E-11;;-6,6E-11;1E-12;6,7E-11
634;0,545515;5,45515E-07;13.107.246.10;192.168.1.9;TCP;54;[TCP Previous segment not captured] 443  >  49782 [FIN, ACK] Seq=6430 Ack=2139 Win=525312 Len=0;;;;1E-12;;0;1E-12;1E-12
635;0,545516;5,45516E-07;13.107.246.10;192.168.1.9;TCP;96;[TCP Out-Of-Order] 443  >  49782 [PSH, ACK] Seq=6388 Ack=2139 Win=525312 Len=42;;;;1E-12;;-6,3E-11;6,4E-11;1,27E-10
636;0,545517;5,45517E-07;192.168.1.9;13.107.246.10;TCP;54;[TCP Dup ACK 632#1] 49782  >  443 [ACK] Seq=2139 Ack=6388 Win=131584 Len=0;;;;6,4E-11;;6,3E-11;1E-12;-6,2E-11
637;0,545581;5,45581E-07;192.168.1.9;13.107.246.10;TCP;54;49782  >  443 [RST, ACK] Seq=2139 Ack=6430 Win=0 Len=0;;;;1E-12;;0;1E-12;1E-12
638;0,545582;5,45582E-07;192.168.1.9;40.74.108.123;TCP;66;49783  >  443 [SYN] Seq=0 Win=64240 Len=0 MSS=1460 WS=256 SACK_PERM=1;;;;1E-12;;1,05879E-22;1E-12;1E-12
639;0,545583;5,45583E-07;192.168.1.9;40.74.108.123;TCP;66;49784  >  443 [SYN] Seq=0 Win=64240 Len=0 MSS=1460 WS=256 SACK_PERM=1;;;;1E-12;;-1,05879E-22;1E-12;1E-12
640;0,545584;5,45584E-07;40.74.108.123;192.168.1.9;TCP;66;443  >  49783 [SYN, ACK] Seq=0 Ack=1 Win=65535 Len=0 MSS=1440 WS=256 SACK_PERM=1;;;;1E-12;;0;1E-12;1E-12
641;0,545585;5,45585E-07;192.168.1.9;40.74.108.123;TCP;54;49783  >  443 [ACK] Seq=1 Ack=1 Win=132352 Len=0;;;;1E-12;;6,9E-11;-6,8E-11;-1,37E-10
642;0,545586;5,45586E-07;192.168.1.9;40.74.108.123;TLSv1.2;264;Client Hello;;;;-6,8E-11;;-6,9E-11;1E-12;7E-11
643;0,545518;5,45518E-07;40.74.108.123;192.168.1.9;TCP;66;443  >  49784 [SYN, ACK] Seq=0 Ack=1 Win=65535 Len=0 MSS=1440 WS=256 SACK_PERM=1;;;;1E-12;;0;1E-12;1E-12
644;0,545519;5,45519E-07;192.168.1.9;40.74.108.123;TCP;54;49784  >  443 [ACK] Seq=1 Ack=1 Win=132352 Len=0;;;;1E-12;;-6,6E-11;6,7E-11;1,33E-10
645;0,54552;5,4552E-07;192.168.1.9;40.74.108.123;TLSv1.2;264;Client Hello;;;;6,7E-11;;6,6E-11;1E-12;-6,5E-11
646;0,545587;5,45587E-07;192.168.1.9;40.74.108.123;TCP;66;49785  >  443 [SYN] Seq=0 Win=64240 Len=0 MSS=1460 WS=256 SACK_PERM=1;;;;1E-12;;-1,05879E-22;1E-12;1E-12
647;0,545588;5,45588E-07;40.74.108.123;192.168.1.9;TCP;1506;443  >  49783 [ACK] Seq=1 Ack=211 Win=525312 Len=1452 [TCP segment of a reassembled PDU];;;;1E-12;;0;1E-12;1E-12
648;0,545589;5,45589E-07;40.74.108.123;192.168.1.9;TCP;1506;443  >  49783 [ACK] Seq=1453 Ack=211 Win=525312 Len=1452 [TCP segment of a reassembled PDU];;;;1E-12;;0;1E-12;1E-12
649;0,54559;5,4559E-07;40.74.108.123;192.168.1.9;TLSv1.2;876;Server Hello, Certificate, Server Key Exchange, Server Hello Done;;;;1E-12;;1,05879E-22;1E-12;1E-12
650;0,545591;5,45591E-07;192.168.1.9;40.74.108.123;TCP;54;49783  >  443 [ACK] Seq=211 Ack=3727 Win=132352 Len=0;;;;1E-12;;7,2E-11;-7,1E-11;-1,43E-10
651;0,545592;5,45592E-07;40.74.108.123;192.168.1.9;TCP;1506;443  >  49784 [ACK] Seq=1 Ack=211 Win=525312 Len=1452 [TCP segment of a reassembled PDU];;;;-7,1E-11;;-7,2E-11;1E-12;7,3E-11
652;0,545521;5,45521E-07;192.168.1.9;40.74.108.123;TLSv1.2;180;Client Key Exchange, Change Cipher Spec, Encrypted Handshake Message;;;;1E-12;;-1,05879E-22;1E-12;1E-12
653;0,545522;5,45522E-07;192.168.1.9;40.74.108.123;TCP;54;49784  >  443 [ACK] Seq=211 Ack=1453 Win=132352 Len=0;;;;1E-12;;-6,9E-11;7E-11;1,39E-10
654;0,545523;5,45523E-07;192.168.1.9;40.74.108.123;TCP;180;[TCP Retransmission] 49783  >  443 [PSH, ACK] Seq=211 Ack=3727 Win=132352 Len=126;;;;7E-11;;6,9E-11;1E-12;-6,8E-11
655;0,545593;5,45593E-07;40.74.108.123;192.168.1.9;TCP;66;443  >  49785 [SYN, ACK] Seq=0 Ack=1 Win=65535 Len=0 MSS=1440 WS=256 SACK_PERM=1;;;;1E-12;;0;1E-12;1E-12
656;0,545594;5,45594E-07;40.74.108.123;192.168.1.9;TLSv1.2;105;Change Cipher Spec, Encrypted Handshake Message;;;;1E-12;;1,05879E-22;1E-12;1E-12
657;0,545595;5,45595E-07;40.74.108.123;192.168.1.9;TLSv1.2;123;Application Data;;;;1E-12;;-1,05879E-22;1E-12;1E-12
658;0,545596;5,45596E-07;40.74.108.123;192.168.1.9;TCP;174;[TCP Retransmission] 443  >  49783 [PSH, ACK] Seq=3727 Ack=337 Win=525056 Len=120;;;;1E-12;;0;1E-12;1E-12
659;0,545597;5,45597E-07;192.168.1.9;40.74.108.123;TCP;66;49783  >  443 [ACK] Seq=337 Ack=3847 Win=132352 Len=0 SLE=3727 SRE=3847;;;;1E-12;;7,5E-11;-7,4E-11;-1,49E-10
660;0,545598;5,45598E-07;192.168.1.9;40.74.108.123;TCP;54;49785  >  443 [ACK] Seq=1 Ack=1 Win=132352 Len=0;;;;-7,4E-11;;-7,5E-11;1E-12;7,6E-11
661;0,545524;5,45524E-07;192.168.1.9;40.74.108.123;TLSv1.2;264;Client Hello;;;;1E-12;;1,05879E-22;1E-12;1E-12
662;0,545525;5,45525E-07;40.74.108.123;192.168.1.9;TCP;1506;[TCP Previous segment not captured] 443  >  49784 [PSH, ACK] Seq=2275 Ack=211 Win=525312 Len=1452 [TCP segment of a reassembled PDU];;;;1E-12;;-7,2E-11;7,3E-11;1,45E-10
663;0,545526;5,45526E-07;192.168.1.9;40.74.108.123;TCP;66;[TCP Dup ACK 653#1] 49784  >  443 [ACK] Seq=211 Ack=1453 Win=132352 Len=0 SLE=2275 SRE=3727;;;;7,3E-11;;7,2E-11;1E-12;-7,1E-11
664;0,545599;5,45599E-07;40.74.108.123;192.168.1.9;TCP;66;[TCP Dup ACK 656#1] 443  >  49783 [ACK] Seq=3847 Ack=337 Win=525056 Len=0 SLE=211 SRE=337;;;;1E-12;;9,52912E-22;1E-12;1E-12
665;0,5456;5,456E-07;192.168.1.9;40.74.108.123;TLSv1.2;141;Application Data;;;;1E-12;;0;1E-12;1E-12
666;0,545601;5,45601E-07;192.168.1.9;40.74.108.123;TLSv1.2;581;Application Data;;;;1E-12;;1,05879E-22;1E-12;1E-12
667;0,545602;5,45602E-07;192.168.1.9;40.74.108.123;TLSv1.2;92;Application Data;;;;1E-12;;-1,05879E-22;1E-12;1E-12
668;0,545603;5,45603E-07;40.74.108.123;192.168.1.9;TCP;1506;443  >  49785 [ACK] Seq=1 Ack=211 Win=525312 Len=1452 [TCP segment of a reassembled PDU];;;;1E-12;;7,8E-11;-7,7E-11;-1,55E-10
669;0,545604;5,45604E-07;40.74.108.123;192.168.1.9;TCP;1506;443  >  49785 [ACK] Seq=1453 Ack=211 Win=525312 Len=1452 [TCP segment of a reassembled PDU];;;;-7,7E-11;;-7,8E-11;1E-12;7,9E-11
670;0,545527;5,45527E-07;40.74.108.123;192.168.1.9;TLSv1.2;876;Server Hello, Certificate, Server Key Exchange, Server Hello Done;;;;1E-12;;0;1E-12;1E-12
671;0,545528;5,45528E-07;192.168.1.9;40.74.108.123;TCP;54;49785  >  443 [ACK] Seq=211 Ack=3727 Win=132352 Len=0;;;;1E-12;;-7,5E-11;7,6E-11;1,51E-10
672;0,545529;5,45529E-07;40.74.108.123;192.168.1.9;TLSv1.2;92;Application Data;;;;7,6E-11;;7,5E-11;1E-12;-7,4E-11
673;0,545605;5,45605E-07;40.74.108.123;192.168.1.9;TCP;56;443  >  49783 [ACK] Seq=3885 Ack=989 Win=524544 Len=0;;;;1E-12;;1,05879E-22;1E-12;1E-12
674;0,545606;5,45606E-07;40.74.108.123;192.168.1.9;TLSv1.2;180;Application Data;;;;1E-12;;-1,05879E-22;1E-12;1E-12
675;0,545607;5,45607E-07;192.168.1.9;40.74.108.123;TCP;54;49783  >  443 [ACK] Seq=989 Ack=4011 Win=132096 Len=0;;;;1E-12;;0;1E-12;1E-12
676;0,545608;5,45608E-07;192.168.1.9;40.74.108.123;TLSv1.2;180;Client Key Exchange, Change Cipher Spec, Encrypted Handshake Message;;;;1E-12;;0;1E-12;1E-12
677;0,545609;5,45609E-07;192.168.1.9;40.74.108.123;TCP;54;49783  >  443 [FIN, ACK] Seq=989 Ack=4011 Win=132096 Len=0;;;;1E-12;;8,1E-11;-8E-11;-1,61E-10
678;0,54561;5,4561E-07;40.74.108.123;192.168.1.9;TLSv1.2;105;Change Cipher Spec, Encrypted Handshake Message;;;;-8E-11;;-8,1E-11;1E-12;8,2E-11
679;0,54553;5,4553E-07;40.74.108.123;192.168.1.9;TLSv1.2;123;Application Data;;;;1E-12;;0;1E-12;1E-12
680;0,545531;5,45531E-07;192.168.1.9;40.74.108.123;TCP;54;49785  >  443 [ACK] Seq=337 Ack=3847 Win=132352 Len=0;;;;1E-12;;-7,8E-11;7,9E-11;1,57E-10
681;0,545532;5,45532E-07;192.168.1.9;40.74.108.123;TLSv1.2;141;Application Data;;;;7,9E-11;;7,8E-11;1E-12;-7,7E-11
682;0,545611;5,45611E-07;192.168.1.9;40.74.108.123;TLSv1.2;284;Application Data;;;;1E-12;;0;1E-12;1E-12
683;0,545612;5,45612E-07;192.168.1.9;40.74.108.123;TLSv1.2;92;Application Data;;;;1E-12;;0;1E-12;1E-12
684;0,545613;5,45613E-07;40.74.108.123;192.168.1.9;TCP;54;443  >  49783 [FIN, ACK] Seq=4011 Ack=990 Win=524544 Len=0;;;;1E-12;;1,05879E-22;1E-12;1E-12
685;0,545614;5,45614E-07;192.168.1.9;40.74.108.123;TCP;54;49783  >  443 [ACK] Seq=990 Ack=4012 Win=132096 Len=0;;;;1E-12;;-1,05879E-22;1E-12;1E-12
686;0,545615;5,45615E-07;40.74.108.123;192.168.1.9;TLSv1.2;92;Application Data;;;;1E-12;;8,4E-11;-8,3E-11;-1,67E-10
687;0,545616;5,45616E-07;40.74.108.123;192.168.1.9;TCP;56;443  >  49785 [ACK] Seq=3885 Ack=692 Win=524800 Len=0;;;;-8,3E-11;;-8,4E-11;1E-12;8,5E-11
688;0,545533;5,45533E-07;40.74.108.123;192.168.1.9;TLSv1.2;178;Application Data;;;;1E-12;;-1,05879E-22;1E-12;1E-12
689;0,545534;5,45534E-07;192.168.1.9;40.74.108.123;TCP;54;49785  >  443 [ACK] Seq=692 Ack=4009 Win=132096 Len=0;;;;1E-12;;-8,1E-11;8,2E-11;1,63E-10
690;0,545535;5,45535E-07;192.168.1.9;40.74.108.123;TCP;54;49785  >  443 [FIN, ACK] Seq=692 Ack=4009 Win=132096 Len=0;;;;8,2E-11;;8,1E-11;1E-12;-8E-11
691;0,545617;5,45617E-07;40.74.108.123;192.168.1.9;TCP;1506;[TCP Retransmission] 443  >  49784 [ACK] Seq=1453 Ack=211 Win=525312 Len=1452;;;;1E-12;;1,05879E-22;1E-12;1E-12
692;0,545618;5,45618E-07;192.168.1.9;40.74.108.123;TCP;66;49784  >  443 [ACK] Seq=211 Ack=3727 Win=132352 Len=0 SLE=2275 SRE=2905;;;;1E-12;;-1,05879E-22;1E-12;1E-12
693;0,545619;5,45619E-07;192.168.1.9;40.74.108.123;TLSv1.2;180;Client Key Exchange, Change Cipher Spec, Encrypted Handshake Message;;;;1E-12;;0;1E-12;1E-12
694;0,54562;5,4562E-07;40.74.108.123;192.168.1.9;TCP;54;443  >  49785 [FIN, ACK] Seq=4009 Ack=693 Win=524800 Len=0;;;;1E-12;;0;1E-12;1E-12
695;0,545621;5,45621E-07;192.168.1.9;40.74.108.123;TCP;54;49785  >  443 [ACK] Seq=693 Ack=4010 Win=132096 Len=0;;;;1E-12;;8,7E-11;-8,6E-11;-1,73E-10
696;0,545622;5,45622E-07;40.74.108.123;192.168.1.9;TLSv1.2;105;Change Cipher Spec, Encrypted Handshake Message;;;;-8,6E-11;;-8,7E-11;1E-12;8,8E-11
697;0,545536;5,45536E-07;40.74.108.123;192.168.1.9;TLSv1.2;123;Application Data;;;;1E-12;;1,05879E-22;1E-12;1E-12
698;0,545537;5,45537E-07;192.168.1.9;40.74.108.123;TCP;54;49784  >  443 [ACK] Seq=337 Ack=3847 Win=132352 Len=0;;;;1E-12;;-8,4E-11;8,5E-11;1,69E-10
699;0,545538;5,45538E-07;192.168.1.9;40.74.108.123;TLSv1.2;141;Application Data;;;;8,5E-11;;8,4E-11;1E-12;-8,3E-11
700;0,545623;5,45623E-07;192.168.1.9;40.74.108.123;TLSv1.2;182;Application Data;;;;1E-12;;0;1E-12;1E-12
701;0,545624;5,45624E-07;192.168.1.9;40.74.108.123;TLSv1.2;92;Application Data;;;;1E-12;;0;1E-12;1E-12
702;0,545625;5,45625E-07;40.74.108.123;192.168.1.9;TCP;56;443  >  49784 [ACK] Seq=3847 Ack=590 Win=524800 Len=0;;;;1E-12;;1,05879E-22;1E-12;1E-12
703;0,545626;5,45626E-07;40.74.108.123;192.168.1.9;TLSv1.2;92;Application Data;;;;1E-12;;-1,05879E-22;1E-12;1E-12
704;0,545627;5,45627E-07;40.74.108.123;192.168.1.9;TLSv1.2;159;Application Data;;;;1E-12;;9E-11;-8,9E-11;-1,79E-10
705;0,545628;5,45628E-07;192.168.1.9;40.74.108.123;TCP;54;49784  >  443 [ACK] Seq=590 Ack=3990 Win=132096 Len=0;;;;-8,9E-11;;-9E-11;1E-12;9,1E-11
706;0,545539;5,45539E-07;192.168.1.9;40.74.108.123;TCP;66;49786  >  443 [SYN] Seq=0 Win=64240 Len=0 MSS=1460 WS=256 SACK_PERM=1;;;;1E-12;;0;1E-12;1E-12
707;0,54554;5,4554E-07;192.168.1.9;40.74.108.123;TCP;66;49787  >  443 [SYN] Seq=0 Win=64240 Len=0 MSS=1460 WS=256 SACK_PERM=1;;;;1E-12;;-8,7E-11;8,8E-11;1,75E-10
708;0,545541;5,45541E-07;192.168.1.9;74.125.200.113;TCP;54;49770  >  443 [FIN, ACK] Seq=1 Ack=1 Win=511 Len=0;;;;8,8E-11;;8,7E-11;1E-12;-8,6E-11
709;0,545629;5,45629E-07;74.125.200.113;192.168.1.9;TCP;54;443  >  49770 [FIN, ACK] Seq=1 Ack=2 Win=265 Len=0;;;;1E-12;;1,05879E-22;1E-12;1E-12
710;0,54563;5,4563E-07;192.168.1.9;74.125.200.113;TCP;54;49770  >  443 [ACK] Seq=2 Ack=2 Win=511 Len=0;;;;1E-12;;-1,05879E-22;1E-12;1E-12
711;0,545631;5,45631E-07;40.74.108.123;192.168.1.9;TCP;66;443  >  49786 [SYN, ACK] Seq=0 Ack=1 Win=65535 Len=0 MSS=1440 WS=256 SACK_PERM=1;;;;1E-12;;0;1E-12;1E-12
712;0,545632;5,45632E-07;192.168.1.9;40.74.108.123;TCP;54;49786  >  443 [ACK] Seq=1 Ack=1 Win=132352 Len=0;;;;1E-12;;-8,47033E-22;1E-12;1E-12
713;0,545633;5,45633E-07;192.168.1.9;40.74.108.123;TLSv1.2;264;Client Hello;;;;1E-12;;9,3E-11;-9,2E-11;-1,85E-10
714;0,545634;5,45634E-07;40.74.108.123;192.168.1.9;TCP;66;443  >  49787 [SYN, ACK] Seq=0 Ack=1 Win=65535 Len=0 MSS=1440 WS=256 SACK_PERM=1;;;;-9,2E-11;;-9,3E-11;1E-12;9,4E-11
715;0,545542;5,45542E-07;192.168.1.9;40.74.108.123;TCP;54;49787  >  443 [ACK] Seq=1 Ack=1 Win=132352 Len=0;;;;1E-12;;0;1E-12;1E-12
716;0,545543;5,45543E-07;192.168.1.9;40.74.108.123;TLSv1.2;264;Client Hello;;;;1E-12;;-9E-11;9,1E-11;1,81E-10
717;0,545544;5,45544E-07;40.74.108.123;192.168.1.9;TCP;1506;443  >  49786 [ACK] Seq=1 Ack=211 Win=525312 Len=1452 [TCP segment of a reassembled PDU];;;;9,1E-11;;9E-11;1E-12;-8,9E-11
718;0,545635;5,45635E-07;40.74.108.123;192.168.1.9;TCP;1506;443  >  49786 [ACK] Seq=1453 Ack=211 Win=525312 Len=1452 [TCP segment of a reassembled PDU];;;;1E-12;;0;1E-12;1E-12
719;0,545636;5,45636E-07;40.74.108.123;192.168.1.9;TLSv1.2;876;Server Hello, Certificate, Server Key Exchange, Server Hello Done;;;;1E-12;;1,05879E-22;1E-12;1E-12
720;0,545637;5,45637E-07;192.168.1.9;40.74.108.123;TCP;54;49786  >  443 [ACK] Seq=211 Ack=3727 Win=132352 Len=0;;;;1E-12;;-1,05879E-22;1E-12;1E-12
721;0,545638;5,45638E-07;40.74.108.123;192.168.1.9;TCP;1506;443  >  49787 [ACK] Seq=1 Ack=211 Win=525312 Len=1452 [TCP segment of a reassembled PDU];;;;1E-12;;0;1E-12;1E-12
722;0,545639;5,45639E-07;40.74.108.123;192.168.1.9;TCP;1506;443  >  49787 [ACK] Seq=1453 Ack=211 Win=525312 Len=1452 [TCP segment of a reassembled PDU];;;;1E-12;;9,6E-11;-9,5E-11;-1,91E-10
723;0,54564;5,4564E-07;40.74.108.123;192.168.1.9;TLSv1.2;876;Server Hello, Certificate, Server Key Exchange, Server Hello Done;;;;-9,5E-11;;-9,6E-11;1E-12;9,7E-11
724;0,545545;5,45545E-07;192.168.1.9;40.74.108.123;TCP;54;49787  >  443 [ACK] Seq=211 Ack=3727 Win=132352 Len=0;;;;1E-12;;0;1E-12;1E-12
725;0,545546;5,45546E-07;192.168.1.9;40.74.108.123;TLSv1.2;180;Client Key Exchange, Change Cipher Spec, Encrypted Handshake Message;;;;1E-12;;-9,3E-11;9,4E-11;1,87E-10
726;0,545547;5,45547E-07;192.168.1.9;40.74.108.123;TLSv1.2;180;Client Key Exchange, Change Cipher Spec, Encrypted Handshake Message;;;;9,4E-11;;9,3E-11;1E-12;-9,2E-11
727;0,545641;5,45641E-07;40.74.108.123;192.168.1.9;TLSv1.2;105;Change Cipher Spec, Encrypted Handshake Message;;;;1E-12;;-1,05879E-22;1E-12;1E-12
728;0,545642;5,45642E-07;40.74.108.123;192.168.1.9;TLSv1.2;123;Application Data;;;;1E-12;;0;1E-12;1E-12
729;0,545643;5,45643E-07;192.168.1.9;40.74.108.123;TCP;54;49786  >  443 [ACK] Seq=337 Ack=3847 Win=132352 Len=0;;;;1E-12;;0;1E-12;1E-12
730;0,545644;5,45644E-07;40.74.108.123;192.168.1.9;TLSv1.2;105;Change Cipher Spec, Encrypted Handshake Message;;;;1E-12;;1,05879E-22;1E-12;1E-12
731;0,545645;5,45645E-07;40.74.108.123;192.168.1.9;TLSv1.2;123;Application Data;;;;1E-12;;9,9E-11;-9,8E-11;-1,97E-10
732;0,545646;5,45646E-07;192.168.1.9;40.74.108.123;TCP;54;49787  >  443 [ACK] Seq=337 Ack=3847 Win=132352 Len=0;;;;-9,8E-11;;-9,9E-11;1E-12;1E-10
733;0,545548;5,45548E-07;192.168.1.9;40.74.108.123;TLSv1.2;141;Application Data;;;;1E-12;;-1,05879E-22;1E-12;1E-12
734;0,545549;5,45549E-07;192.168.1.9;40.74.108.123;TLSv1.2;182;Application Data;;;;1E-12;;-9,6E-11;9,7E-11;1,93E-10
735;0,54555;5,4555E-07;192.168.1.9;40.74.108.123;TLSv1.2;92;Application Data;;;;9,7E-11;;9,6E-11;1E-12;-9,5E-11
736;0,545647;5,45647E-07;192.168.1.9;40.74.108.123;TLSv1.2;141;Application Data;;;;1E-12;;0;1E-12;1E-12
737;0,545648;5,45648E-07;192.168.1.9;40.74.108.123;TLSv1.2;253;Application Data;;;;1E-12;;1,05879E-22;1E-12;1E-12
738;0,545649;5,45649E-07;192.168.1.9;40.74.108.123;TLSv1.2;92;Application Data;;;;1E-12;;-1,05879E-22;1E-12;1E-12
739;0,54565;5,4565E-07;40.74.108.123;192.168.1.9;TLSv1.2;92;Application Data;;;;1E-12;;0;1E-12;1E-12
740;0,545651;5,45651E-07;40.74.108.123;192.168.1.9;TLSv1.2;159;Application Data;;;;1E-12;;1,02E-10;-1,01E-10;-2,03E-10
741;0,545652;5,45652E-07;192.168.1.9;40.74.108.123;TCP;54;49786  >  443 [ACK] Seq=590 Ack=3990 Win=132096 Len=0;;;;-1,01E-10;;-1,02E-10;1E-12;1,03E-10
742;0,545551;5,45551E-07;40.74.108.123;192.168.1.9;TLSv1.2;92;Application Data;;;;1E-12;;1,05879E-22;1E-12;1E-12
743;0,545552;5,45552E-07;40.74.108.123;192.168.1.9;TCP;56;443  >  49787 [ACK] Seq=3885 Ack=661 Win=524800 Len=0;;;;1E-12;;-9,9E-11;1E-10;1,99E-10
744;0,545553;5,45553E-07;40.74.108.123;192.168.1.9;TLSv1.2;178;Application Data;;;;1E-10;;9,9E-11;1E-12;-9,8E-11
745;0,545653;5,45653E-07;192.168.1.9;40.74.108.123;TCP;54;49787  >  443 [ACK] Seq=661 Ack=4009 Win=132096 Len=0;;;;1E-12;;-1,05879E-22;1E-12;1E-12
746;0,545654;5,45654E-07;192.168.1.9;40.74.108.123;TCP;54;49787  >  443 [FIN, ACK] Seq=661 Ack=4009 Win=132096 Len=0;;;;1E-12;;0;1E-12;1E-12
747;0,545655;5,45655E-07;192.168.1.9;40.74.108.123;TCP;54;49786  >  443 [FIN, ACK] Seq=590 Ack=3990 Win=132096 Len=0;;;;1E-12;;0;1E-12;1E-12
748;0,545656;5,45656E-07;40.74.108.123;192.168.1.9;TCP;54;443  >  49786 [ACK] Seq=3990 Ack=590 Win=524800 Len=0;;;;1E-12;;1,05879E-22;1E-12;1E-12
749;0,545657;5,45657E-07;40.74.108.123;192.168.1.9;TCP;54;443  >  49787 [FIN, ACK] Seq=4009 Ack=662 Win=524800 Len=0;;;;1E-12;;1,05E-10;-1,04E-10;-2,09E-10
750;0,545658;5,45658E-07;192.168.1.9;40.74.108.123;TCP;54;49787  >  443 [ACK] Seq=662 Ack=4010 Win=132096 Len=0;;;;-1,04E-10;;-1,05E-10;1E-12;1,06E-10
751;0,545554;5,45554E-07;40.74.108.123;192.168.1.9;TCP;54;443  >  49786 [FIN, ACK] Seq=3990 Ack=591 Win=524800 Len=0;;;;1E-12;;0;1E-12;1E-12
752;0,545555;5,45555E-07;192.168.1.9;40.74.108.123;TCP;54;49786  >  443 [ACK] Seq=591 Ack=3991 Win=132096 Len=0;;;;1E-12;;-1,02E-10;1,03E-10;2,05E-10
753;0,545556;5,45556E-07;192.168.1.9;40.74.108.123;TCP;66;49788  >  443 [SYN] Seq=0 Win=64240 Len=0 MSS=1460 WS=256 SACK_PERM=1;;;;1,03E-10;;1,02E-10;1E-12;-1,01E-10
754;0,545659;5,45659E-07;40.74.108.123;192.168.1.9;TCP;66;443  >  49788 [SYN, ACK] Seq=0 Ack=1 Win=65535 Len=0 MSS=1440 WS=256 SACK_PERM=1;;;;1E-12;;1,05879E-22;1E-12;1E-12
755;0,54566;5,4566E-07;192.168.1.9;40.74.108.123;TCP;54;49788  >  443 [ACK] Seq=1 Ack=1 Win=132352 Len=0;;;;1E-12;;-1,05879E-22;1E-12;1E-12
756;0,545661;5,45661E-07;192.168.1.9;40.74.108.123;TLSv1.2;264;Client Hello;;;;1E-12;;0;1E-12;1E-12
757;0,545662;5,45662E-07;204.79.197.222;192.168.1.9;TCP;56;443  >  49712 [ACK] Seq=1 Ack=1 Win=1288 Len=0;;;;1E-12;;0;1E-12;1E-12
758;0,545663;5,45663E-07;192.168.1.9;204.79.197.222;TCP;54;49712  >  443 [ACK] Seq=1527555832 Ack=4059061181 Win=1022 Len=0;;;;1E-12;;1,08E-10;-1,07E-10;-2,15E-10
759;0,545664;5,45664E-07;40.74.108.123;192.168.1.9;TCP;1506;443  >  49788 [ACK] Seq=1 Ack=211 Win=525312 Len=1452 [TCP segment of a reassembled PDU];;;;-1,07E-10;;-1,08E-10;1E-12;1,09E-10
760;0,545557;5,45557E-07;40.74.108.123;192.168.1.9;TCP;1506;443  >  49788 [ACK] Seq=1453 Ack=211 Win=525312 Len=1452 [TCP segment of a reassembled PDU];;;;1E-12;;0;1E-12;1E-12
761;0,545558;5,45558E-07;40.74.108.123;192.168.1.9;TLSv1.2;876;Server Hello, Certificate, Server Key Exchange, Server Hello Done;;;;1E-12;;-1,05E-10;1,06E-10;2,11E-10
762;0,545559;5,45559E-07;192.168.1.9;40.74.108.123;TCP;54;49788  >  443 [ACK] Seq=211 Ack=3727 Win=132352 Len=0;;;;1,06E-10;;1,05E-10;1E-12;-1,04E-10
763;0,545665;5,45665E-07;192.168.1.9;40.74.108.123;TLSv1.2;180;Client Key Exchange, Change Cipher Spec, Encrypted Handshake Message;;;;1E-12;;0;1E-12;1E-12
764;0,545666;5,45666E-07;192.168.1.9;40.74.108.123;TCP;180;[TCP Retransmission] 49788  >  443 [PSH, ACK] Seq=211 Ack=3727 Win=132352 Len=126;;;;1E-12;;0;1E-12;1E-12
767;0,545667;5,45667E-07;40.74.108.123;192.168.1.9;TLSv1.2;105;Change Cipher Spec, Encrypted Handshake Message;;;;1E-12;;-9,52912E-22;1E-12;1E-12
768;0,545668;5,45668E-07;40.74.108.123;192.168.1.9;TLSv1.2;123;Application Data;;;;1E-12;;9,52912E-22;1E-12;1E-12
770;0,545669;5,45669E-07;192.168.1.9;40.74.108.123;TCP;54;49788  >  443 [ACK] Seq=337 Ack=3847 Win=132352 Len=0;;;;1E-12;;1,11E-10;-1,1E-10;-2,21E-10
771;0,54567;5,4567E-07;192.168.1.9;52.114.128.75;TCP;66;49789  >  443 [SYN] Seq=0 Win=64240 Len=0 MSS=1460 WS=256 SACK_PERM=1;;;;-1,1E-10;;-1,11E-10;1E-12;1,12E-10
772;0,54556;5,4556E-07;192.168.1.9;40.74.108.123;TLSv1.2;141;Application Data;;;;1E-12;;-1,05879E-22;1E-12;1E-12
774;0,545561;5,45561E-07;192.168.1.9;40.74.108.123;TLSv1.2;458;Application Data;;;;1E-12;;-1,08E-10;1,09E-10;2,17E-10
775;0,545562;5,45562E-07;192.168.1.9;40.74.108.123;TLSv1.2;92;Application Data;;;;1,09E-10;;1,08E-10;1E-12;-1,07E-10
778;0,545671;5,45671E-07;40.74.108.123;192.168.1.9;TCP;66;[TCP Dup ACK 767#1] 443  >  49788 [ACK] Seq=3847 Ack=337 Win=525056 Len=0 SLE=211 SRE=337;;;;1E-12;;1,05879E-22;1E-12;1E-12
831;0,545672;5,45672E-07;40.74.108.123;192.168.1.9;TLSv1.2;92;Application Data;;;;1E-12;;-1,05879E-22;1E-12;1E-12
832;0,545673;5,45673E-07;40.74.108.123;192.168.1.9;TLSv1.2;187;Application Data;;;;1E-12;;0;1E-12;1E-12
835;0,545674;5,45674E-07;40.74.108.123;192.168.1.9;TCP;56;443  >  49788 [ACK] Seq=4018 Ack=866 Win=524544 Len=0;;;;1E-12;;0;1E-12;1E-12
836;0,545675;5,45675E-07;192.168.1.9;40.74.108.123;TCP;54;49788  >  443 [ACK] Seq=866 Ack=4018 Win=132096 Len=0;;;;1E-12;;1,14E-10;-1,13E-10;-2,27E-10
843;0,545676;5,45676E-07;192.168.1.9;40.74.108.123;TCP;54;49788  >  443 [FIN, ACK] Seq=866 Ack=4018 Win=132096 Len=0;;;;-1,13E-10;;-1,14E-10;1E-12;1,15E-10
883;0,545563;5,45563E-07;52.114.128.75;192.168.1.9;TCP;66;443  >  49789 [SYN, ACK] Seq=0 Ack=1 Win=8192 Len=0 MSS=1440 WS=256 SACK_PERM=1;;;;1E-12;;1,05879E-22;1E-12;1E-12
895;0,545564;5,45564E-07;192.168.1.9;52.114.128.75;TCP;54;49789  >  443 [ACK] Seq=1 Ack=1 Win=132352 Len=0;;;;1E-12;;-1,11E-10;1,12E-10;2,23E-10
900;0,545565;5,45565E-07;192.168.1.9;52.114.128.75;TLSv1.2;262;Client Hello;;;;1,12E-10;;1,11E-10;1E-12;-1,1E-10
929;0,545677;5,45677E-07;40.74.108.123;192.168.1.9;TCP;54;443  >  49788 [FIN, ACK] Seq=4018 Ack=867 Win=524544 Len=0;;;;1E-12;;0;1E-12;1E-12
934;0,545678;5,45678E-07;192.168.1.9;40.74.108.123;TCP;54;49788  >  443 [ACK] Seq=867 Ack=4019 Win=132096 Len=0;;;;1E-12;;0;1E-12;1E-12
1081;0,545679;5,45679E-07;192.168.1.9;40.74.108.123;TCP;66;49790  >  443 [SYN] Seq=0 Win=64240 Len=0 MSS=1460 WS=256 SACK_PERM=1;;;;1E-12;;1,05879E-22;1E-12;1E-12
1086;0,54568;5,4568E-07;52.114.128.75;192.168.1.9;TCP;1506;443  >  49789 [ACK] Seq=1 Ack=209 Win=262656 Len=1452 [TCP segment of a reassembled PDU];;;;1E-12;;-1,05879E-22;1E-12;1E-12
1088;0,545681;5,45681E-07;52.114.128.75;192.168.1.9;TCP;1506;443  >  49789 [ACK] Seq=1453 Ack=209 Win=262656 Len=1452 [TCP segment of a reassembled PDU];;;;1E-12;;1,17E-10;-1,16E-10;-2,33E-10
1089;0,545682;5,45682E-07;52.114.128.75;192.168.1.9;TLSv1.2;1151;Server Hello, Certificate, Server Key Exchange, Server Hello Done;;;;-1,16E-10;;-1,17E-10;1E-12;1,18E-10
1090;0,545566;5,45566E-07;192.168.1.9;52.114.128.75;TCP;54;49789  >  443 [ACK] Seq=209 Ack=4002 Win=132352 Len=0;;;;1E-12;;0;1E-12;1E-12
1094;0,545567;5,45567E-07;192.168.1.9;52.114.128.75;TLSv1.2;147;Client Key Exchange, Change Cipher Spec, Encrypted Handshake Message;;;;1E-12;;-1,14E-10;1,15E-10;2,29E-10
1123;0,545568;5,45568E-07;40.74.108.123;192.168.1.9;TCP;66;443  >  49790 [SYN, ACK] Seq=0 Ack=1 Win=65535 Len=0 MSS=1440 WS=256 SACK_PERM=1;;;;1,15E-10;;1,14E-10;1E-12;-1,13E-10
1124;0,545683;5,45683E-07;192.168.1.9;40.74.108.123;TCP;54;49790  >  443 [ACK] Seq=1 Ack=1 Win=132352 Len=0;;;;1E-12;;1,05879E-22;1E-12;1E-12
1125;0,545684;5,45684E-07;192.168.1.9;40.74.108.123;TLSv1.2;264;Client Hello;;;;1E-12;;-1,05879E-22;1E-12;1E-12
1162;0,545685;5,45685E-07;40.74.108.123;192.168.1.9;TCP;1506;443  >  49790 [ACK] Seq=1 Ack=211 Win=525312 Len=1452 [TCP segment of a reassembled PDU];;;;1E-12;;0;1E-12;1E-12
1163;0,545686;5,45686E-07;40.74.108.123;192.168.1.9;TCP;1506;443  >  49790 [ACK] Seq=1453 Ack=211 Win=525312 Len=1452 [TCP segment of a reassembled PDU];;;;1E-12;;1,05879E-22;1E-12;1E-12
1164;0,545687;5,45687E-07;40.74.108.123;192.168.1.9;TLSv1.2;876;Server Hello, Certificate, Server Key Exchange, Server Hello Done;;;;1E-12;;1,2E-10;-1,19E-10;-2,39E-10
1165;0,545688;5,45688E-07;192.168.1.9;40.74.108.123;TCP;54;49790  >  443 [ACK] Seq=211 Ack=3727 Win=132352 Len=0;;;;-1,19E-10;;-1,2E-10;1E-12;1,21E-10
1166;0,545569;5,45569E-07;192.168.1.9;40.74.108.123;TLSv1.2;180;Client Key Exchange, Change Cipher Spec, Encrypted Handshake Message;;;;1E-12;;0;1E-12;1E-12
1231;0,54557;5,4557E-07;52.114.128.75;192.168.1.9;TLSv1.2;105;Change Cipher Spec, Encrypted Handshake Message;;;;1E-12;;-1,17E-10;1,18E-10;2,35E-10
1257;0,545571;5,45571E-07;40.74.108.123;192.168.1.9;TLSv1.2;105;Change Cipher Spec, Encrypted Handshake Message;;;;1,18E-10;;1,17E-10;1E-12;-1,16E-10
1258;0,545689;5,45689E-07;40.74.108.123;192.168.1.9;TLSv1.2;123;Application Data;;;;1E-12;;0;1E-12;1E-12
1259;0,54569;5,4569E-07;192.168.1.9;40.74.108.123;TCP;54;49790  >  443 [ACK] Seq=337 Ack=3847 Win=132352 Len=0;;;;1E-12;;1,05879E-22;1E-12;1E-12
1279;0,545691;5,45691E-07;192.168.1.9;52.114.128.75;TCP;54;49789  >  443 [ACK] Seq=302 Ack=4053 Win=132352 Len=0;;;;1E-12;;-1,05879E-22;1E-12;1E-12
1297;0,545692;5,45692E-07;192.168.1.9;52.114.128.75;TLSv1.2;1025;Application Data;;;;1E-12;;0;1E-12;1E-12
1307;0,545693;5,45693E-07;192.168.1.9;52.114.128.75;TLSv1.2;1167;Application Data;;;;1E-12;;1,23E-10;-1,22E-10;-2,45E-10
1560;0,545694;5,45694E-07;192.168.1.9;40.74.108.123;TLSv1.2;141;Application Data;;;;-1,22E-10;;-1,23E-10;1E-12;1,24E-10
1561;0,545572;5,45572E-07;192.168.1.9;40.74.108.123;TLSv1.2;266;Application Data;;;;1E-12;;0;1E-12;1E-12
1562;0,545573;5,45573E-07;192.168.1.9;40.74.108.123;TLSv1.2;92;Application Data;;;;1E-12;;-1,2E-10;1,21E-10;2,41E-10
1672;0,545574;5,45574E-07;52.114.128.75;192.168.1.9;TCP;56;443  >  49789 [ACK] Seq=4053 Ack=2386 Win=262656 Len=0;;;;1,21E-10;;1,2E-10;1E-12;-1,19E-10
1681;0,545695;5,45695E-07;52.114.128.75;192.168.1.9;TLSv1.2;414;Application Data;;;;1E-12;;-1,05879E-22;1E-12;1E-12
1742;0,545696;5,45696E-07;40.74.108.123;192.168.1.9;TLSv1.2;92;Application Data;;;;1E-12;;0;1E-12;1E-12
1743;0,545697;5,45697E-07;40.74.108.123;192.168.1.9;TCP;56;443  >  49790 [ACK] Seq=3885 Ack=674 Win=524800 Len=0;;;;1E-12;;0;1E-12;1E-12
1747;0,545698;5,45698E-07;40.74.108.123;192.168.1.9;TLSv1.2;171;Application Data;;;;1E-12;;2,11758E-22;1E-12;1E-12
1753;0,545699;5,45699E-07;192.168.1.9;40.74.108.123;TCP;54;49790  >  443 [ACK] Seq=674 Ack=4002 Win=132096 Len=0;;;;1E-12;;1,26E-10;-1,25E-10;-2,51E-10
1842;0,5457;5,457E-07;192.168.1.9;52.114.128.75;TCP;54;49789  >  443 [ACK] Seq=2386 Ack=4413 Win=131840 Len=0;;;;-1,25E-10;;-1,26E-10;1E-12;1,27E-10
1880;0,545575;5,45575E-07;192.168.1.9;40.74.108.123;TCP;54;49790  >  443 [FIN, ACK] Seq=674 Ack=4002 Win=132096 Len=0;;;;1E-12;;-1,05879E-22;1E-12;1E-12
1881;0,545576;5,45576E-07;192.168.1.9;52.114.128.75;TCP;54;49789  >  443 [FIN, ACK] Seq=2386 Ack=4413 Win=131840 Len=0;;;;1E-12;;-1,23E-10;1,24E-10;2,47E-10
1882;0,545577;5,45577E-07;40.74.108.123;192.168.1.9;TCP;54;443  >  49790 [FIN, ACK] Seq=4002 Ack=675 Win=524800 Len=0;;;;1,24E-10;;1,23E-10;1E-12;-1,22E-10
1883;0,545701;5,45701E-07;192.168.1.9;40.74.108.123;TCP;54;49790  >  443 [ACK] Seq=675 Ack=4003 Win=132096 Len=0;;;;1E-12;;5,45703E-07;-5,45702E-07;-1,09141E-06
1884;0,545702;5,45702E-07;52.114.128.75;192.168.1.9;TCP;54;443  >  49789 [FIN, ACK] Seq=4413 Ack=2387 Win=262656 Len=0;;;;-5,45702E-07;;;;
;;;;;;;;;;;;;;;
;;;;;;;;;;total delay;-5,45443E-07;;;Total jitter;-1,09115E-06
;;;;;;;;;;rata_rata delay;-2,89513E-10;;;rata-rata jitter;-5,79165E-10
